"Symbol","Name","LastSale","MarketCap","ADR TSO","IPOyear","Sector","Industry","Summary Quote",
"VNET","21Vianet Group, Inc.","8.59","533067087.36","62056704","2011","Technology","Computer Software: Programming, Data Processing","https://www.nasdaq.com/symbol/vnet",
"TWOU","2U, Inc.","48.73","2822568882.76","n/a","2014","Technology","Computer Software: Prepackaged Software","https://www.nasdaq.com/symbol/twou",
"JOBS","51job, Inc.","61.14","2227707494.94","36436171","2004","Technology","Diversified Commercial Services","https://www.nasdaq.com/symbol/jobs",
"EGHT","8x8 Inc","17.49","1668041955.69","n/a","n/a","Technology","EDP Services","https://www.nasdaq.com/symbol/eght",
"ACIA","Acacia Communications, Inc.","36.73","1485480095.01","n/a","2016","Technology","Semiconductors","https://www.nasdaq.com/symbol/acia",
"ACIW","ACI Worldwide, Inc.","25.16","2918047868.2","n/a","n/a","Technology","Computer Software: Prepackaged Software","https://www.nasdaq.com/symbol/aciw",
"ACMR","ACM Research, Inc.","10.37","165958763.06","n/a","2017","Technology","Industrial Machinery/Components","https://www.nasdaq.com/symbol/acmr",
"ATVI","Activision Blizzard, Inc","45.36","34611980568.48","n/a","n/a","Technology","Computer Software: Prepackaged Software","https://www.nasdaq.com/symbol/atvi",
"IOTS","Adesto Technologies Corporation","4.5","132453639","n/a","2015","Technology","Semiconductors","https://www.nasdaq.com/symbol/iots",
"ADBE","Adobe Inc.","215.7","105290401773.9","n/a","1986","Technology","Computer Software: Prepackaged Software","https://www.nasdaq.com/symbol/adbe",
"AMD","Advanced Micro Devices, Inc.","17.05","17039893032.8","n/a","n/a","Technology","Semiconductors","https://www.nasdaq.com/symbol/amd",
"AGYS","Agilysys, Inc.","14.28","335984281.08","n/a","n/a","Technology","EDP Services","https://www.nasdaq.com/symbol/agys",
"AGMH","AGM Group Holdings Inc.","27.32","907462622.6","n/a","2018","Technology","EDP Services","https://www.nasdaq.com/symbol/agmh",
"AIRG","Airgain, Inc.","10.23","101427493.53","n/a","2016","Technology","Radio And Television Broadcasting And Communications Equipment","https://www.nasdaq.com/symbol/airg",
"AMCN","AirMedia Group Inc","0.265","11972103.485","45177749","2007","Technology","Advertising","https://www.nasdaq.com/symbol/amcn",
"ALRM","Alarm.com Holdings, Inc.","49.78","2389595960.74","n/a","2015","Technology","Computer Software: Prepackaged Software","https://www.nasdaq.com/symbol/alrm",
"ALYA","Alithya Group inc.","2.81","136017355.93","n/a","n/a","Technology","Computer Software: Programming, Data Processing","https://www.nasdaq.com/symbol/alya",
"ALLT","Allot Communications Ltd.","5.96","200937406.8","n/a","2006","Technology","Computer Communications Equipment","https://www.nasdaq.com/symbol/allt",
"MDRX","Allscripts Healthcare Solutions, Inc.","9.58","1673762103.06","n/a","n/a","Technology","EDP Services","https://www.nasdaq.com/symbol/mdrx",
"AOSL","Alpha and Omega Semiconductor Limited","9.94","236452083.84","n/a","2010","Technology","Semiconductors","https://www.nasdaq.com/symbol/aosl",
"GOOG","Alphabet Inc.","1016.06","706635181927.88","n/a","2004","Technology","Computer Software: Programming, Data Processing","https://www.nasdaq.com/symbol/goog",
"GOOGL","Alphabet Inc.","1025.47","713179516969.06","n/a","n/a","Technology","Computer Software: Programming, Data Processing","https://www.nasdaq.com/symbol/googl",
"AABA","Altaba Inc.","55.53","33462229790.43","n/a","n/a","Technology","EDP Services","https://www.nasdaq.com/symbol/aaba",
"ALTR","Altair Engineering Inc.","25.63","1802516917.63","n/a","2017","Technology","Computer Software: Prepackaged Software","https://www.nasdaq.com/symbol/altr",
"AMBA","Ambarella, Inc.","34.37","1101593248.07","n/a","2012","Technology","Semiconductors","https://www.nasdaq.com/symbol/amba",
"DOX","Amdocs Limited","57.2","7983723462","n/a","n/a","Technology","EDP Services","https://www.nasdaq.com/symbol/dox",
"AMRH","Ameri Holdings, Inc.","0.19","7525438.11","n/a","n/a","Technology","Semiconductors","https://www.nasdaq.com/symbol/amrh",
"AMRHW","Ameri Holdings, Inc.","0.0896","0","n/a","n/a","Technology","Semiconductors","https://www.nasdaq.com/symbol/amrhw",
"AMSWA","American Software, Inc.","9.91","306780213.21","n/a","n/a","Technology","Computer Software: Prepackaged Software","https://www.nasdaq.com/symbol/amswa",
"AMKR","Amkor Technology, Inc.","6.33","1516243630.47","n/a","1998","Technology","Semiconductors","https://www.nasdaq.com/symbol/amkr",
"ASYS","Amtech Systems, Inc.","4.75","67528831","n/a","n/a","Technology","Industrial Machinery/Components","https://www.nasdaq.com/symbol/asys",
"ADI","Analog Devices, Inc.","80.73","29882980713.69","n/a","n/a","Technology","Semiconductors","https://www.nasdaq.com/symbol/adi",
"ANSS","ANSYS, Inc.","137.64","11501200877.52","n/a","1996","Technology","Computer Software: Prepackaged Software","https://www.nasdaq.com/symbol/anss",
"APPF","AppFolio, Inc.","56.33","1929332242.24","n/a","2015","Technology","Computer Software: Prepackaged Software","https://www.nasdaq.com/symbol/appf",
"APPN","Appian Corporation","25.61","1630613464.87","n/a","2017","Technology","Computer Software: Prepackaged Software","https://www.nasdaq.com/symbol/appn",
"AAPL","Apple Inc.","142.19","674748141620","n/a","1980","Technology","Computer Manufacturing","https://www.nasdaq.com/symbol/aapl",
"AMAT","Applied Materials, Inc.","31.54","30234436173.22","n/a","1972","Technology","Semiconductors","https://www.nasdaq.com/symbol/amat",
"AAOI","Applied Optoelectronics, Inc.","15.06","298167864.78","n/a","2013","Technology","Semiconductors","https://www.nasdaq.com/symbol/aaoi",
"APTI","Apptio, Inc.","37.94","1728807389.26","n/a","2016","Technology","Computer Software: Prepackaged Software","https://www.nasdaq.com/symbol/apti",
"ARRS","ARRIS International plc","30.26","5265101893.36","n/a","n/a","Technology","Radio And Television Broadcasting And Communications Equipment","https://www.nasdaq.com/symbol/arrs",
"ASML","ASML Holding N.V.","147.68","10020424119.68","67852276","1995","Technology","Industrial Machinery/Components","https://www.nasdaq.com/symbol/asml",
"AZPN","Aspen Technology, Inc.","78.92","5585158692.84","n/a","1994","Technology","EDP Services","https://www.nasdaq.com/symbol/azpn",
"ALOT","AstroNova, Inc.","18.39","127861881.66","n/a","1983","Technology","Computer peripheral equipment","https://www.nasdaq.com/symbol/alot",
"ASUR","Asure Software Inc","4.9","74599481.6","n/a","n/a","Technology","EDP Services","https://www.nasdaq.com/symbol/asur",
"TEAM","Atlassian Corporation Plc","84.48","20118622656","n/a","2015","Technology","Computer Software: Prepackaged Software","https://www.nasdaq.com/symbol/team",
"ATOM","Atomera Incorporated","2.82","42394540.5","n/a","2016","Technology","Semiconductors","https://www.nasdaq.com/symbol/atom",
"ATTU","Attunity Ltd.","19.11","407747241.72","n/a","n/a","Technology","Computer Software: Prepackaged Software","https://www.nasdaq.com/symbol/attu",
"AEYE","AudioEye, Inc.","8.56","64614851.84","n/a","n/a","Technology","Computer Software: Prepackaged Software","https://www.nasdaq.com/symbol/aeye",
"JG","Aurora Mobile Limited","6.8","75985716","11174370","2018","Technology","Computer Software: Programming, Data Processing","https://www.nasdaq.com/symbol/jg",
"ADSK","Autodesk, Inc.","121.85","26686226666.6","n/a","n/a","Technology","Computer Software: Prepackaged Software","https://www.nasdaq.com/symbol/adsk",
"ADP","Automatic Data Processing, Inc.","126.21","55246218698.79","n/a","n/a","Technology","EDP Services","https://www.nasdaq.com/symbol/adp",
"AUTO","AutoWeb, Inc.","3.35","43378982.5","n/a","n/a","Technology","Computer Software: Programming, Data Processing","https://www.nasdaq.com/symbol/auto",
"AVNW","Aviat Networks, Inc.","13.82","74967253.36","n/a","n/a","Technology","Radio And Television Broadcasting And Communications Equipment","https://www.nasdaq.com/symbol/avnw",
"AVID","Avid Technology, Inc.","4.56","190848079.44","n/a","1993","Technology","Computer Software: Prepackaged Software","https://www.nasdaq.com/symbol/avid",
"AWRE","Aware, Inc.","3.67","79070564.71","n/a","1996","Technology","Computer Software: Prepackaged Software","https://www.nasdaq.com/symbol/awre",
"ACLS","Axcelis Technologies, Inc.","16.57","537069275.79","n/a","2000","Technology","Industrial Machinery/Components","https://www.nasdaq.com/symbol/acls",
"AXTI","AXT Inc","4.15","164081957.15","n/a","1998","Technology","Semiconductors","https://www.nasdaq.com/symbol/axti",
"BOSC","B.O.S. Better Online Solutions","2.13","7569410.82","n/a","n/a","Technology","Computer Communications Equipment","https://www.nasdaq.com/symbol/bosc",
"BIDU","Baidu, Inc.","154.71","43432731538.2","280736420","2005","Technology","Computer Software: Programming, Data Processing","https://www.nasdaq.com/symbol/bidu",
"BAND","Bandwidth Inc.","39.57","765874065.69","n/a","2017","Technology","Computer Software: Prepackaged Software","https://www.nasdaq.com/symbol/band",
"BBSI","Barrett Business Services, Inc.","55.56","410093860.44","n/a","1993","Technology","Professional Services","https://www.nasdaq.com/symbol/bbsi",
"BNFT","Benefitfocus, Inc.","45.74","1461875419.78","n/a","2013","Technology","Computer Software: Prepackaged Software","https://www.nasdaq.com/symbol/bnft",
"BILI","Bilibili Inc.","12.95","712997940.2","55057756","2018","Technology","EDP Services","https://www.nasdaq.com/symbol/bili",
"BKYI","BIO-key International, Inc.","0.845","11811298.46","n/a","n/a","Technology","Computer Communications Equipment","https://www.nasdaq.com/symbol/bkyi",
"BBOX","Black Box Corporation","1.095","16685085.495","n/a","n/a","Technology","Computer Communications Equipment","https://www.nasdaq.com/symbol/bbox",
"BLKB","Blackbaud, Inc.","60.72","2949111137.28","n/a","2004","Technology","Computer Software: Prepackaged Software","https://www.nasdaq.com/symbol/blkb",
"BL","BlackLine, Inc.","39.43","2154649865.91","n/a","2016","Technology","Computer Software: Prepackaged Software","https://www.nasdaq.com/symbol/bl",
"BRQS","Borqs Technologies, Inc. ","3.2361","101300770.935","n/a","2015","Technology","EDP Services","https://www.nasdaq.com/symbol/brqs",
"EPAY","Bottomline Technologies, Inc.","44.91","1935258666.12","n/a","1999","Technology","Computer Software: Prepackaged Software","https://www.nasdaq.com/symbol/epay",
"BLIN          ","Bridgeline Digital, Inc.","0.24","1359654","n/a","n/a","Technology","Computer Software: Prepackaged Software","https://www.nasdaq.com/symbol/blin",
"BCOV","Brightcove Inc.","6.9","251736253.5","n/a","2012","Technology","EDP Services","https://www.nasdaq.com/symbol/bcov",
"AVGO","Broadcom Inc.","230.96","94063287294.96","n/a","2009","Technology","Semiconductors","https://www.nasdaq.com/symbol/avgo",
"BVSN","BroadVision, Inc.","1.0101","5049645.4554","n/a","1996","Technology","Computer Software: Prepackaged Software","https://www.nasdaq.com/symbol/bvsn",
"BRKS","Brooks Automation, Inc.","24.38","1754267020.22","n/a","1995","Technology","Industrial Machinery/Components","https://www.nasdaq.com/symbol/brks",
"CCMP","Cabot Microelectronics Corporation","88.16","2530784876","n/a","2000","Technology","Semiconductors","https://www.nasdaq.com/symbol/ccmp",
"CDNS","Cadence Design Systems, Inc.","41.53","11717357260","n/a","n/a","Technology","Computer Software: Prepackaged Software","https://www.nasdaq.com/symbol/cdns",
"CAMP","CalAmp Corp.","13.14","450164652.84","n/a","1983","Technology","Radio And Television Broadcasting And Communications Equipment","https://www.nasdaq.com/symbol/camp",
"CSIQ","Canadian Solar Inc.","15.14","886927922.1","n/a","2006","Technology","Semiconductors","https://www.nasdaq.com/symbol/csiq",
"CBLK","Carbon Black, Inc.","12.68","861191757.08","n/a","2018","Technology","Computer Software: Prepackaged Software","https://www.nasdaq.com/symbol/cblk",
"CARB","Carbonite, Inc.","24.41","843559071.3","n/a","2011","Technology","EDP Services","https://www.nasdaq.com/symbol/carb",
"CDLX","Cardlytics, Inc.","10.85","232314775","n/a","2018","Technology","Computer Software: Programming, Data Processing","https://www.nasdaq.com/symbol/cdlx",
"CARG","CarGurus, Inc.","32.23","3547815454.81","n/a","2017","Technology","EDP Services","https://www.nasdaq.com/symbol/carg",
"CASA","Casa Systems, Inc.","12.28","1016475170.28","n/a","2017","Technology","Radio And Television Broadcasting And Communications Equipment","https://www.nasdaq.com/symbol/casa",
"CRNT","Ceragon Networks Ltd.","3.65","286051930.8","n/a","n/a","Technology","Radio And Television Broadcasting And Communications Equipment","https://www.nasdaq.com/symbol/crnt",
"CERN","Cerner Corporation","50.7","16705055998.8","n/a","1986","Technology","EDP Services","https://www.nasdaq.com/symbol/cern",
"CEVA","CEVA, Inc.","21.53","471558155.28","n/a","n/a","Technology","Semiconductors","https://www.nasdaq.com/symbol/ceva",
"CYOU","Changyou.com Limited","16.22","317361428.32","19566056","2009","Technology","Computer Software: Prepackaged Software","https://www.nasdaq.com/symbol/cyou",
"CHKP","Check Point Software Technologies Ltd.","102.35","16277200316.8","n/a","1996","Technology","Computer Software: Prepackaged Software","https://www.nasdaq.com/symbol/chkp",
"CCIH","ChinaCache International Holdings Ltd.","1.03","24886324.4","24161480","2010","Technology","EDP Services","https://www.nasdaq.com/symbol/ccih",
"CNET","ChinaNet Online Holdings, Inc.","1.29","20810980.47","n/a","n/a","Technology","Computer Software: Programming, Data Processing","https://www.nasdaq.com/symbol/cnet",
"IMOS","ChipMOS TECHNOLOGIES INC.","16.52","91125575.52","5516076","n/a","Technology","Semiconductors","https://www.nasdaq.com/symbol/imos",
"CRUS","Cirrus Logic, Inc.","31.35","1876118773.65","n/a","1989","Technology","Semiconductors","https://www.nasdaq.com/symbol/crus",
"CSCO","Cisco Systems, Inc.","41.07","184649148251.1","n/a","1990","Technology","Computer Communications Equipment","https://www.nasdaq.com/symbol/csco",
"CTXS","Citrix Systems, Inc.","100.74","13575902422.38","n/a","1995","Technology","Computer Software: Prepackaged Software","https://www.nasdaq.com/symbol/ctxs",
"CLPS","CLPS Incorporation","2.2282","30779955.9522","n/a","2018","Technology","Computer Software: Prepackaged Software","https://www.nasdaq.com/symbol/clps",
"CTSH","Cognizant Technology Solutions Corporation","61.1","35378611349.9","n/a","1998","Technology","EDP Services","https://www.nasdaq.com/symbol/ctsh",
"CCNI","Command Center, Inc.","4.5819","21603310.2756","n/a","n/a","Technology","Professional Services","https://www.nasdaq.com/symbol/ccni",
"COMM","CommScope Holding Company, Inc.","16.8","3229348819.2","n/a","2013","Technology","Radio And Television Broadcasting And Communications Equipment","https://www.nasdaq.com/symbol/comm",
"CVLT","Commvault Systems, Inc.","55.78","2581964386.12","n/a","2006","Technology","Computer Software: Prepackaged Software","https://www.nasdaq.com/symbol/cvlt",
"CPSI","Computer Programs and Systems, Inc.","25.54","359756159.06","n/a","2002","Technology","EDP Services","https://www.nasdaq.com/symbol/cpsi",
"CTG","Computer Task Group, Incorporated","4.1","58550119.7","n/a","n/a","Technology","EDP Services","https://www.nasdaq.com/symbol/ctg",
"CMTL","Comtech Telecommunications Corp.","23.94","572307078.42","n/a","n/a","Technology","Radio And Television Broadcasting And Communications Equipment","https://www.nasdaq.com/symbol/cmtl",
"CVON","ConvergeOne Holdings, Inc.","12.44","990769655.72","n/a","2017","Technology","Computer Software: Prepackaged Software","https://www.nasdaq.com/symbol/cvon",
"CSOD","Cornerstone OnDemand, Inc.","48.29","2830384200.38","n/a","2011","Technology","Computer Software: Prepackaged Software","https://www.nasdaq.com/symbol/csod",
"CPAH","CounterPath Corporation","1.2242","7310462.1008","n/a","n/a","Technology","Computer Software: Prepackaged Software","https://www.nasdaq.com/symbol/cpah",
"COUP","Coupa Software Incorporated","58.76","3492980208.64","n/a","2016","Technology","Computer Software: Prepackaged Software","https://www.nasdaq.com/symbol/coup",
"CRAY","Cray Inc","20.91","853895271.54","n/a","n/a","Technology","Computer Manufacturing","https://www.nasdaq.com/symbol/cray",
"CREX","Creative Realities, Inc.","2.2801","6754479.3161","n/a","n/a","Technology","EDP Services","https://www.nasdaq.com/symbol/crex",
"CREXW","Creative Realities, Inc.","0.4","0","n/a","n/a","Technology","EDP Services","https://www.nasdaq.com/symbol/crexw",
"CREE","Cree, Inc.","39.69","4070579926.77","n/a","1993","Technology","Semiconductors","https://www.nasdaq.com/symbol/cree",
"CRTO","Criteo S.A.","23.7","1564158501.3","65998249","2013","Technology","Advertising","https://www.nasdaq.com/symbol/crto",
"CCRN","Cross Country Healthcare, Inc.","7.47","270792982.98","n/a","2001","Technology","Professional Services","https://www.nasdaq.com/symbol/ccrn",
"CSGS","CSG Systems International, Inc.","31.47","1048845251.52","n/a","1996","Technology","EDP Services","https://www.nasdaq.com/symbol/csgs",
"CSPI","CSP Inc.","10.09","40554272.86","n/a","1982","Technology","EDP Services","https://www.nasdaq.com/symbol/cspi",
"CVV","CVD Equipment Corporation","3.87","25184079.18","n/a","n/a","Technology","Industrial Machinery/Components","https://www.nasdaq.com/symbol/cvv",
"CYBR","CyberArk Software Ltd.","69.91","2487287551.93","n/a","2014","Technology","Computer Software: Prepackaged Software","https://www.nasdaq.com/symbol/cybr",
"CY","Cypress Semiconductor Corporation","12.12","4386834472.68","n/a","1986","Technology","Semiconductors","https://www.nasdaq.com/symbol/cy",
"CYRN","CYREN Ltd.","2.85","153143749.65","n/a","n/a","Technology","Computer Software: Prepackaged Software","https://www.nasdaq.com/symbol/cyrn",
"DTSS","Datasea Inc.","3.6001","69319371.0846","n/a","n/a","Technology","Computer Software: Prepackaged Software","https://www.nasdaq.com/symbol/dtss",
"DGII","Digi International Inc.","10.07","277627573.83","n/a","1989","Technology","Computer Communications Equipment","https://www.nasdaq.com/symbol/dgii",
"DMRC","Digimarc Corporation","15.38","182813508.72","n/a","n/a","Technology","EDP Services","https://www.nasdaq.com/symbol/dmrc",
"DGLY","Digital Ally, Inc.","2.91","30336028.32","n/a","n/a","Technology","Radio And Television Broadcasting And Communications Equipment","https://www.nasdaq.com/symbol/dgly",
"DIOD","Diodes Incorporated","30.15","1514158717.95","n/a","n/a","Technology","Semiconductors","https://www.nasdaq.com/symbol/diod",
"DLHC","DLH Holdings Corp.","5.28","62829328.32","n/a","n/a","Technology","Professional Services","https://www.nasdaq.com/symbol/dlhc",
"DOCU","DocuSign, Inc.","38.83","6416683321.95","n/a","2018","Technology","Computer Software: Prepackaged Software","https://www.nasdaq.com/symbol/docu",
"DOMO","Domo, Inc.","17.69","465917857.87","n/a","2018","Technology","Computer Software: Prepackaged Software","https://www.nasdaq.com/symbol/domo",
"DBX","Dropbox, Inc.","20.09","8167058320.4","n/a","2018","Technology","Computer Software: Prepackaged Software","https://www.nasdaq.com/symbol/dbx",
"DSPG","DSP Group, Inc.","11.1","246378352.8","n/a","1994","Technology","Semiconductors","https://www.nasdaq.com/symbol/dspg",
"EBIX","Ebix, Inc.","42.43","6633966141.2","n/a","n/a","Technology","EDP Services","https://www.nasdaq.com/symbol/ebix",
"SATS","EchoStar Corporation","36.74","3535678712.94","n/a","n/a","Technology","Radio And Television Broadcasting And Communications Equipment","https://www.nasdaq.com/symbol/sats",
"EGAN","eGain Corporation","6.31","175866533.73","n/a","1999","Technology","Computer Software: Prepackaged Software","https://www.nasdaq.com/symbol/egan",
"EA","Electronic Arts Inc.","78.71","23780549662.16","n/a","n/a","Technology","Computer Software: Prepackaged Software","https://www.nasdaq.com/symbol/ea",
"EFII","Electronics for Imaging, Inc.","23.95","1052162083.45","n/a","1992","Technology","Computer Communications Equipment","https://www.nasdaq.com/symbol/efii",
"ELTK","Eltek Ltd.","2.39","4848239.28","n/a","1997","Technology","Electrical Products","https://www.nasdaq.com/symbol/eltk",
"EMKR","EMCORE Corporation","4.47","123404157.18","n/a","1997","Technology","Semiconductors","https://www.nasdaq.com/symbol/emkr",
"EIGI","Endurance International Group Holdings, Inc.","6.46","929305871.08","n/a","2013","Technology","Computer Software: Prepackaged Software","https://www.nasdaq.com/symbol/eigi",
"WATT","Energous Corporation","6.59","171963414","n/a","2014","Technology","Radio And Television Broadcasting And Communications Equipment","https://www.nasdaq.com/symbol/watt",
"ERII","Energy Recovery, Inc.","6.77","364647703.3","n/a","2008","Technology","Industrial Machinery/Components","https://www.nasdaq.com/symbol/erii",
"ENPH","Enphase Energy, Inc.","4.76","506121789.32","n/a","2012","Technology","Semiconductors","https://www.nasdaq.com/symbol/enph",
"PLUS","ePlus inc.","68.74","942063415.16","n/a","1996","Technology","Retail: Computer Software & Peripheral Equipment","https://www.nasdaq.com/symbol/plus",
"ERIC","Ericsson","8.29","2585535462.27","311886063","n/a","Technology","Radio And Television Broadcasting And Communications Equipment","https://www.nasdaq.com/symbol/eric",
"EVBG","Everbridge, Inc.","52.92","1569158226.72","n/a","2016","Technology","Computer Software: Prepackaged Software","https://www.nasdaq.com/symbol/evbg",
"EVER","EverQuote, Inc.","4.41","110367275.13","n/a","2018","Technology","Computer Software: Programming, Data Processing","https://www.nasdaq.com/symbol/ever",
"MRAM","Everspin Technologies, Inc.","5.72","97778103.28","n/a","2016","Technology","Semiconductors","https://www.nasdaq.com/symbol/mram",
"EVOL","Evolving Systems, Inc.","1.24","15025097.36","n/a","1998","Technology","EDP Services","https://www.nasdaq.com/symbol/evol",
"EXTR","Extreme Networks, Inc.","5.83","689907502.57","n/a","1999","Technology","Computer Communications Equipment","https://www.nasdaq.com/symbol/extr",
"FFIV","F5 Networks, Inc.","154.31","9355385392.34","n/a","1999","Technology","Computer Communications Equipment","https://www.nasdaq.com/symbol/ffiv",
"FB","Facebook, Inc.","131.74","378592780004.88","n/a","2012","Technology","Computer Software: Programming, Data Processing","https://www.nasdaq.com/symbol/fb",
"FNSR","Finisar Corporation","20.69","2429083918.54","n/a","1999","Technology","Semiconductors","https://www.nasdaq.com/symbol/fnsr",
"FEYE","FireEye, Inc.","15.43","3039941233.98","n/a","2013","Technology","Computer peripheral equipment","https://www.nasdaq.com/symbol/feye",
"FSLR","First Solar, Inc.","43.44","4553162600.88","n/a","2006","Technology","Semiconductors","https://www.nasdaq.com/symbol/fslr",
"FISV","Fiserv, Inc.","70.11","27936786175.47","n/a","1986","Technology","EDP Services","https://www.nasdaq.com/symbol/fisv",
"FIVN","Five9, Inc.","40.98","2408474756.88","n/a","2014","Technology","EDP Services","https://www.nasdaq.com/symbol/fivn",
"FLEX","Flex Ltd.","7.52","3959929878.4","n/a","1994","Technology","Electrical Products","https://www.nasdaq.com/symbol/flex",
"FPAY","FlexShopper, Inc.","0.86","15118688.2","n/a","n/a","Technology","Diversified Commercial Services","https://www.nasdaq.com/symbol/fpay",
"FPAYW","FlexShopper, Inc.","0.2","0","n/a","n/a","Technology","Diversified Commercial Services","https://www.nasdaq.com/symbol/fpayw",
"FSCT","ForeScout Technologies, Inc.","24.46","1048409901.2","n/a","2017","Technology","Computer peripheral equipment","https://www.nasdaq.com/symbol/fsct",
"FRSX","Foresight Autonomous Holdings Ltd.","1.75","2646220.5","1512126","n/a","Technology","Computer Software: Prepackaged Software","https://www.nasdaq.com/symbol/frsx",
"FORM","FormFactor, Inc.","12.88","954438074.8","n/a","2003","Technology","Semiconductors","https://www.nasdaq.com/symbol/form",
"FORTY","Formula Systems (1985) Ltd.","35.6401","5693577.2552","159752","n/a","Technology","EDP Services","https://www.nasdaq.com/symbol/forty",
"FTNT","Fortinet, Inc.","67.57","11511914751.85","n/a","2009","Technology","Computer peripheral equipment","https://www.nasdaq.com/symbol/ftnt",
"FSNN","Fusion Connect, Inc.","1.66","136307530.2","n/a","n/a","Technology","Computer Software: Prepackaged Software","https://www.nasdaq.com/symbol/fsnn",
"GDS","GDS Holdings Limited","20.9","1061276146.7","50778763","2016","Technology","Computer Software: Programming, Data Processing","https://www.nasdaq.com/symbol/gds",
"GFN","General Finance Corporation","9.92","300407022.72","n/a","n/a","Technology","Diversified Commercial Services","https://www.nasdaq.com/symbol/gfn",
"GFNCP","General Finance Corporation","99.9865","0","n/a","n/a","Technology","Diversified Commercial Services","https://www.nasdaq.com/symbol/gfncp",
"GFNSL","General Finance Corporation","24.7914","0","n/a","n/a","Technology","Diversified Commercial Services","https://www.nasdaq.com/symbol/gfnsl",
"GIGM","GigaMedia Limited","2.945","32548832.075","n/a","n/a","Technology","Computer Software: Programming, Data Processing","https://www.nasdaq.com/symbol/gigm",
"GILT","Gilat Satellite Networks Ltd.","8.59","470732970.67","n/a","n/a","Technology","Radio And Television Broadcasting And Communications Equipment","https://www.nasdaq.com/symbol/gilt",
"GLUU","Glu Mobile Inc.","7.55","1081514759.4","n/a","2007","Technology","EDP Services","https://www.nasdaq.com/symbol/gluu",
"GEC","Great Elm Capital Group, Inc. ","3.35","86785063.15","n/a","n/a","Technology","Computer Software: Prepackaged Software","https://www.nasdaq.com/symbol/gec",
"GRNQ","Greenpro Capital Corp.","4.6819","256171502.2053","n/a","n/a","Technology","EDP Services","https://www.nasdaq.com/symbol/grnq",
"GSUM","Gridsum Holding Inc.","2.04","32376882.84","15871021","2016","Technology","Computer Software: Prepackaged Software","https://www.nasdaq.com/symbol/gsum",
"GRPN","Groupon, Inc.","3.22","1837911648.3","n/a","2011","Technology","Advertising","https://www.nasdaq.com/symbol/grpn",
"GVP","GSE Systems, Inc.","2.3989","47577630.7867","n/a","n/a","Technology","Computer Software: Prepackaged Software","https://www.nasdaq.com/symbol/gvp",
"GSIT","GSI Technology, Inc.","5.3","116322407.2","n/a","2007","Technology","Semiconductors","https://www.nasdaq.com/symbol/gsit",
"HQCL","Hanwha Q CELLS Co., Ltd. ","9.79","53859929.75","5501525","n/a","Technology","Semiconductors","https://www.nasdaq.com/symbol/hqcl",
"HLIT","Harmonic Inc.","4.52","391873753.16","n/a","1995","Technology","Radio And Television Broadcasting And Communications Equipment","https://www.nasdaq.com/symbol/hlit",
"HSTM","HealthStream, Inc.","23.9","772577275.1","n/a","2000","Technology","Computer Software: Programming, Data Processing","https://www.nasdaq.com/symbol/hstm",
"HSII","Heidrick & Struggles International, Inc.","30.98","587339689.54","n/a","1999","Technology","Diversified Commercial Services","https://www.nasdaq.com/symbol/hsii",
"HIMX","Himax Technologies, Inc.","3.35","362065041.95","108079117","2006","Technology","Semiconductors","https://www.nasdaq.com/symbol/himx",
"HDP","Hortonworks, Inc.","14.68","1227035756.56","n/a","2014","Technology","Computer Software: Prepackaged Software","https://www.nasdaq.com/symbol/hdp",
"HSON","Hudson Global, Inc.","1.37","43904873.61","n/a","n/a","Technology","Professional Services","https://www.nasdaq.com/symbol/hson",
"ICHR","Ichor Holdings","16.33","373189898.25","n/a","2016","Technology","Semiconductors","https://www.nasdaq.com/symbol/ichr",
"ICLK","iClick Interactive Asia Group Limited","3.2","56274617.6","17585818","2017","Technology","Computer Software: Prepackaged Software","https://www.nasdaq.com/symbol/iclk",
"INVE","Identiv, Inc.","3.9","60381418.5","n/a","n/a","Technology","Computer peripheral equipment","https://www.nasdaq.com/symbol/inve",
"INFO","IHS Markit Ltd.","46.6","18368099671.4","n/a","1996","Technology","Computer Software: Programming, Data Processing","https://www.nasdaq.com/symbol/info",
"IMMR","Immersion Corporation","8.98","276613131.12","n/a","1999","Technology","Computer peripheral equipment","https://www.nasdaq.com/symbol/immr",
"IMPV","Imperva, Inc.","55.67","1971206058.89","n/a","n/a","Technology","Computer Software: Prepackaged Software","https://www.nasdaq.com/symbol/impv",
"INOD","Innodata Inc.","1.48","38298631.92","n/a","1993","Technology","EDP Services","https://www.nasdaq.com/symbol/inod",
"ISSC","Innovative Solutions and Support, Inc.","2.2072","37170570.1128","n/a","2000","Technology","EDP Services","https://www.nasdaq.com/symbol/issc",
"INOV","Inovalon Holdings, Inc.","13.51","2059130027.5","n/a","2015","Technology","EDP Services","https://www.nasdaq.com/symbol/inov",
"INPX","Inpixon ","3.2","5062016","n/a","2014","Technology","EDP Services","https://www.nasdaq.com/symbol/inpx",
"INSE","Inspired Entertainment, Inc.","4.86","104415676.02","n/a","2014","Technology","Computer Software: Prepackaged Software","https://www.nasdaq.com/symbol/inse",
"IDTI","Integrated Device Technology, Inc.","48.35","6238132133.55","n/a","1984","Technology","Semiconductors","https://www.nasdaq.com/symbol/idti",
"INTC","Intel Corporation","44.49","203052360000","n/a","n/a","Technology","Semiconductors","https://www.nasdaq.com/symbol/intc",
"LINK","Interlink Electronics, Inc.","2.04","13224879.36","n/a","n/a","Technology","Computer peripheral equipment","https://www.nasdaq.com/symbol/link",
"IMI","Intermolecular, Inc.","1.06","52737666.96","n/a","2011","Technology","Semiconductors","https://www.nasdaq.com/symbol/imi",
"INAP","Internap Corporation","4.64","118378064.96","n/a","1999","Technology","Computer Software: Programming, Data Processing","https://www.nasdaq.com/symbol/inap",
"IIJI","Internet Initiative Japan, Inc.","11.22","19256684.04","1716282","n/a","Technology","Computer Software: Programming, Data Processing","https://www.nasdaq.com/symbol/iiji",
"INTX","Intersections, Inc.","3.6702","89656548.4692","n/a","2004","Technology","EDP Services","https://www.nasdaq.com/symbol/intx",
"IVAC","Intevac, Inc.","5.34","121829392.62","n/a","1995","Technology","Industrial Machinery/Components","https://www.nasdaq.com/symbol/ivac",
"INTU","Intuit Inc.","188.52","48927588723.36","n/a","1993","Technology","Computer Software: Prepackaged Software","https://www.nasdaq.com/symbol/intu",
"IPAS","iPass Inc.","2.03","16154715.64","n/a","2018","Technology","EDP Services","https://www.nasdaq.com/symbol/ipas",
"IPGP","IPG Photonics Corporation","108.6","5799258570.6","n/a","2006","Technology","Semiconductors","https://www.nasdaq.com/symbol/ipgp",
"JCOM","j2 Global, Inc.","66.96","3300347514.24","n/a","1999","Technology","Telecommunications Equipment","https://www.nasdaq.com/symbol/jcom",
"JKHY","Jack Henry & Associates, Inc.","121.23","9370875091.14","n/a","1985","Technology","EDP Services","https://www.nasdaq.com/symbol/jkhy",
"JMU","JMU Limited","0.666","1607480.244","2413634","2015","Technology","EDP Services","https://www.nasdaq.com/symbol/jmu",
"KELYA","Kelly Services, Inc.","20.45","794828800.3","n/a","n/a","Technology","Professional Services","https://www.nasdaq.com/symbol/kelya",
"KELYB","Kelly Services, Inc.","22.01","855461217.34","n/a","n/a","Technology","Professional Services","https://www.nasdaq.com/symbol/kelyb",
"KTCC","Key Tronic Corporation","5.69","61222579.2","n/a","1983","Technology","Computer peripheral equipment","https://www.nasdaq.com/symbol/ktcc",
"KFRC","Kforce, Inc.","29.99","781696277.69","n/a","1995","Technology","Professional Services","https://www.nasdaq.com/symbol/kfrc",
"KE","Kimball Electronics, Inc.","15.04","395311179.52","n/a","n/a","Technology","Electrical Products","https://www.nasdaq.com/symbol/ke",
"KOPN","Kopin Corporation","1.05","76792015.65","n/a","1992","Technology","Semiconductors","https://www.nasdaq.com/symbol/kopn",
"KLIC","Kulicke and Soffa Industries, Inc.","19.12","1284327932.56","n/a","n/a","Technology","Semiconductors","https://www.nasdaq.com/symbol/klic",
"KVHI","KVH Industries, Inc.","10.55","187129897.05","n/a","1996","Technology","Radio And Television Broadcasting And Communications Equipment","https://www.nasdaq.com/symbol/kvhi",
"LRCX","Lam Research Corporation","131.63","20426712753.78","n/a","1984","Technology","Industrial Machinery/Components","https://www.nasdaq.com/symbol/lrcx",
"LTRX","Lantronix, Inc.","2.86","62913830.98","n/a","2000","Technology","Computer Communications Equipment","https://www.nasdaq.com/symbol/ltrx",
"LSCC","Lattice Semiconductor Corporation","6.81","882065542.83","n/a","n/a","Technology","Semiconductors","https://www.nasdaq.com/symbol/lscc",
"LTRPA","Liberty TripAdvisor Holdings, Inc.","14.82","1112390015.1","n/a","n/a","Technology","EDP Services","https://www.nasdaq.com/symbol/ltrpa",
"LTRPB","Liberty TripAdvisor Holdings, Inc.","15.32","1149920042.6","n/a","n/a","Technology","EDP Services","https://www.nasdaq.com/symbol/ltrpb",
"LPTH","LightPath Technologies, Inc.","1.51","38934557.25","n/a","1996","Technology","Semiconductors","https://www.nasdaq.com/symbol/lpth",
"LECO","Lincoln Electric Holdings, Inc.","76.02","4899157020.66","n/a","n/a","Technology","Industrial Machinery/Components","https://www.nasdaq.com/symbol/leco",
"LPSN","LivePerson, Inc.","18.04","1144018921.32","n/a","2000","Technology","Computer Software: Prepackaged Software","https://www.nasdaq.com/symbol/lpsn",
"LOGI","Logitech International S.A.","29.23","4842540092.15","n/a","1997","Technology","Computer peripheral equipment","https://www.nasdaq.com/symbol/logi",
"LOGM","LogMein, Inc.","79.86","4088832000","n/a","2009","Technology","Computer Software: Prepackaged Software","https://www.nasdaq.com/symbol/logm",
"LORL","Loral Space and Communications, Inc.","37.3","1153791612.3","n/a","n/a","Technology","Radio And Television Broadcasting And Communications Equipment","https://www.nasdaq.com/symbol/lorl",
"MTSI","MACOM Technology Solutions Holdings, Inc.","14.14","921819927.98","n/a","2012","Technology","Semiconductors","https://www.nasdaq.com/symbol/mtsi",
"MGIC","Magic Software Enterprises Ltd.","7.68","374457569.28","n/a","1991","Technology","Computer Software: Prepackaged Software","https://www.nasdaq.com/symbol/mgic",
"MNGA","MagneGas Applied Technology Solutions, Inc.","0.2497","34389315.2416","n/a","n/a","Technology","Industrial Machinery/Components","https://www.nasdaq.com/symbol/mnga",
"MAMS","MAM Software Group, Inc.","7.73","97204811.84","n/a","n/a","Technology","Computer Software: Prepackaged Software","https://www.nasdaq.com/symbol/mams",
"MANH","Manhattan Associates, Inc.","41.19","2692939138.11","n/a","1998","Technology","Computer Software: Prepackaged Software","https://www.nasdaq.com/symbol/manh",
"MNTX","Manitex International, Inc.","6.25","122638687.5","n/a","n/a","Technology","Industrial Machinery/Components","https://www.nasdaq.com/symbol/mntx",
"MRIN","Marin Software Incorporated","5.32","30813440","n/a","n/a","Technology","EDP Services","https://www.nasdaq.com/symbol/mrin",
"MRVL","Marvell Technology Group Ltd.","15.77","10367198000","n/a","2000","Technology","Semiconductors","https://www.nasdaq.com/symbol/mrvl",
"MTCH","Match Group, Inc.","41.12","11434901706.72","n/a","2015","Technology","Computer Software: Programming, Data Processing","https://www.nasdaq.com/symbol/mtch",
"MTLS","Materialise NV","19.9","337107393","16940070","2014","Technology","Computer Software: Prepackaged Software","https://www.nasdaq.com/symbol/mtls",
"MXIM","Maxim Integrated Products, Inc.","47.95","13285164856.25","n/a","1988","Technology","Semiconductors","https://www.nasdaq.com/symbol/mxim",
"MGRC","McGrath RentCorp","48.64","1175917721.6","n/a","1984","Technology","Diversified Commercial Services","https://www.nasdaq.com/symbol/mgrc",
"MDCA","MDC Partners Inc.","2.7","134824756.5","n/a","n/a","Technology","Advertising","https://www.nasdaq.com/symbol/mdca",
"MTBC","Medical Transcription Billing, Corp.","3.95","46727544.1","n/a","2014","Technology","Computer Software: Prepackaged Software","https://www.nasdaq.com/symbol/mtbc",
"MTBCP","Medical Transcription Billing, Corp.","25.9","24068844.1","n/a","n/a","Technology","Computer Software: Prepackaged Software","https://www.nasdaq.com/symbol/mtbcp",
"MDSO","Medidata Solutions, Inc.","62.99","3854386571.48","n/a","2009","Technology","Computer Software: Prepackaged Software","https://www.nasdaq.com/symbol/mdso",
"MLNX","Mellanox Technologies, Ltd.","84.45","4519826577.45","n/a","2007","Technology","Semiconductors","https://www.nasdaq.com/symbol/mlnx",
"MCHP","Microchip Technology Incorporated","66.32","15685320916.48","n/a","1993","Technology","Semiconductors","https://www.nasdaq.com/symbol/mchp",
"MU","Micron Technology, Inc.","31","34752451079","n/a","n/a","Technology","Semiconductors","https://www.nasdaq.com/symbol/mu",
"MSFT","Microsoft Corporation","97.4","747663704886.4","n/a","1986","Technology","Computer Software: Prepackaged Software","https://www.nasdaq.com/symbol/msft",
"MSTR","MicroStrategy Incorporated","126.57","1451428058.58","n/a","1998","Technology","Computer Software: Prepackaged Software","https://www.nasdaq.com/symbol/mstr",
"MIME","Mimecast Limited","31.89","1915422431.91","n/a","2015","Technology","Computer Software: Prepackaged Software","https://www.nasdaq.com/symbol/mime",
"MNDO","MIND C.T.I. Ltd.","2.39","46144729.02","n/a","n/a","Technology","EDP Services","https://www.nasdaq.com/symbol/mndo",
"MB","MINDBODY, Inc.","36.5","1750118388.5","n/a","2015","Technology","EDP Services","https://www.nasdaq.com/symbol/mb",
"MIND","Mitcham Industries, Inc.","3.21","38903270.79","n/a","1994","Technology","Diversified Commercial Services","https://www.nasdaq.com/symbol/mind",
"MINDP","Mitcham Industries, Inc.","22.4172","0","n/a","n/a","Technology","Diversified Commercial Services","https://www.nasdaq.com/symbol/mindp",
"MITK","Mitek Systems, Inc.","10.67","411391485.01","n/a","n/a","Technology","Computer peripheral equipment","https://www.nasdaq.com/symbol/mitk",
"MOBL","MobileIron, Inc.","4.42","466551751.9","n/a","2014","Technology","Computer Software: Prepackaged Software","https://www.nasdaq.com/symbol/mobl",
"MOMO","Momo Inc.","24.03","3706633940.04","154250268","2014","Technology","Computer Software: Prepackaged Software","https://www.nasdaq.com/symbol/momo",
"MDB","MongoDB, Inc.","75.89","4067973561.28","n/a","2017","Technology","Computer Software: Prepackaged Software","https://www.nasdaq.com/symbol/mdb",
"MPWR","Monolithic Power Systems, Inc.","108.61","4606367320","n/a","2004","Technology","Semiconductors","https://www.nasdaq.com/symbol/mpwr",
"TYPE","Monotype Imaging Holdings Inc.","15.53","645154869.7","n/a","2007","Technology","EDP Services","https://www.nasdaq.com/symbol/type",
"MOSY","MoSys, Inc.","0.17","7288566.23","n/a","2001","Technology","Semiconductors","https://www.nasdaq.com/symbol/mosy",
"MOXC","Moxian, Inc.","0.35","23575027.7","n/a","n/a","Technology","Computer Software: Programming, Data Processing","https://www.nasdaq.com/symbol/moxc",
"MTEC","MTech Acquisition Corp.","10.1","75055625","n/a","2018","Technology","EDP Services","https://www.nasdaq.com/symbol/mtec",
"MTECU","MTech Acquisition Corp.","10.58","0","n/a","2018","Technology","EDP Services","https://www.nasdaq.com/symbol/mtecu",
"MTECW","MTech Acquisition Corp.","0.6","0","n/a","2018","Technology","EDP Services","https://www.nasdaq.com/symbol/mtecw",
"MYSZ","My Size, Inc.","0.84","25076006.76","n/a","n/a","Technology","Computer Software: Prepackaged Software","https://www.nasdaq.com/symbol/mysz",
"NNDM","Nano Dimension Ltd.","1.18","10946498.92","9276694","n/a","Technology","Electrical Products","https://www.nasdaq.com/symbol/nndm",
"NH","NantHealth, Inc.","0.6056","66307917.3512","n/a","2016","Technology","EDP Services","https://www.nasdaq.com/symbol/nh",
"NATI","National Instruments Corporation","42.71","5656196089.74","n/a","1995","Technology","Computer Software: Prepackaged Software","https://www.nasdaq.com/symbol/nati",
"NETE","Net Element, Inc.","6.1","23564415.9","n/a","n/a","Technology","EDP Services","https://www.nasdaq.com/symbol/nete",
"NTAP","NetApp, Inc.","57.48","14478405095.76","n/a","1995","Technology","Electronic Components","https://www.nasdaq.com/symbol/ntap",
"NTCT","NetScout Systems, Inc.","22.93","1781769321.32","n/a","1999","Technology","EDP Services","https://www.nasdaq.com/symbol/ntct",
"NTWK","NetSol Technologies Inc.","6.1","71933396","n/a","n/a","Technology","Computer Software: Prepackaged Software","https://www.nasdaq.com/symbol/ntwk",
"NXGN","NextGen Healthcare, Inc.","15.15","979726775.1","n/a","n/a","Technology","EDP Services","https://www.nasdaq.com/symbol/nxgn",
"NICE","NICE Ltd","104.96","4416302417.92","42076052","n/a","Technology","Computer Manufacturing","https://www.nasdaq.com/symbol/nice",
"LASR","nLIGHT, Inc.","16.71","611115797.31","n/a","2018","Technology","Semiconductors","https://www.nasdaq.com/symbol/lasr",
"NUAN","Nuance Communications, Inc.","13.35","3837180527.55","n/a","n/a","Technology","Computer Software: Prepackaged Software","https://www.nasdaq.com/symbol/nuan",
"NTNX","Nutanix, Inc.","40.39","7235340239.19","n/a","2016","Technology","Computer Software: Prepackaged Software","https://www.nasdaq.com/symbol/ntnx",
"NVEC","NVE Corporation","86.42","418619344.2","n/a","n/a","Technology","Semiconductors","https://www.nasdaq.com/symbol/nvec",
"NVDA","NVIDIA Corporation","127.99","78073900000","n/a","1999","Technology","Semiconductors","https://www.nasdaq.com/symbol/nvda",
"NXPI","NXP Semiconductors N.V.","71.97","21267261595.23","n/a","2010","Technology","Semiconductors","https://www.nasdaq.com/symbol/nxpi",
"OIIM","O2Micro International Limited","1.505","50227105.46","33373492","n/a","Technology","Semiconductors","https://www.nasdaq.com/symbol/oiim",
"OKTA","Okta, Inc.","59.56","6577724445.44","n/a","2017","Technology","Computer Software: Prepackaged Software","https://www.nasdaq.com/symbol/okta",
"OMCL","Omnicell, Inc.","58.88","2333192481.28","n/a","2001","Technology","Computer Manufacturing","https://www.nasdaq.com/symbol/omcl",
"ON","ON Semiconductor Corporation","15.65","6587540649.75","n/a","n/a","Technology","Semiconductors","https://www.nasdaq.com/symbol/on",
"OTIV","On Track Innovations Ltd","0.7099","29314878.2323","n/a","n/a","Technology","Semiconductors","https://www.nasdaq.com/symbol/otiv",
"OSS","One Stop Systems, Inc.","2.09","29644909.03","n/a","2018","Technology","Computer Manufacturing","https://www.nasdaq.com/symbol/oss",
"OSPN","OneSpan Inc.","12.4","499179112","n/a","n/a","Technology","EDP Services","https://www.nasdaq.com/symbol/ospn",
"OTEX","Open Text Corporation","31.45","8444790994.65","n/a","1996","Technology","EDP Services","https://www.nasdaq.com/symbol/otex",
"OSIS","OSI Systems, Inc.","70.6","1281610483.8","n/a","1997","Technology","Semiconductors","https://www.nasdaq.com/symbol/osis",
"PFIN","P & F Industries, Inc.","7.836","28117064.676","n/a","n/a","Technology","Industrial Machinery/Components","https://www.nasdaq.com/symbol/pfin",
"TEUM","Pareteum Corporation","1.84","179661211.92","n/a","n/a","Technology","EDP Services","https://www.nasdaq.com/symbol/teum",
"PCYG","Park City Group, Inc.","6.52","129124688","n/a","n/a","Technology","EDP Services","https://www.nasdaq.com/symbol/pcyg",
"PCTY","Paylocity Holding Corporation","57.31","3025887880.62","n/a","2014","Technology","Computer Software: Prepackaged Software","https://www.nasdaq.com/symbol/pcty",
"PCTI","PC-Tel, Inc.","4.32","79213865.76","n/a","1999","Technology","Radio And Television Broadcasting And Communications Equipment","https://www.nasdaq.com/symbol/pcti",
"PDFS","PDF Solutions, Inc.","8.72","281434014.96","n/a","2001","Technology","EDP Services","https://www.nasdaq.com/symbol/pdfs",
"PEGA","Pegasystems Inc.","46.73","3677681421.23","n/a","1996","Technology","EDP Services","https://www.nasdaq.com/symbol/pega",
"PRFT","Perficient, Inc.","21.92","727344749.12","n/a","1999","Technology","EDP Services","https://www.nasdaq.com/symbol/prft",
"PERI","Perion Network Ltd","2.79","72443820.33","n/a","n/a","Technology","EDP Services","https://www.nasdaq.com/symbol/peri",
"PLAB","Photronics, Inc.","9.47","634373869.39","n/a","1987","Technology","Semiconductors","https://www.nasdaq.com/symbol/plab",
"PHUN","Phunware, Inc.","26.676","105671292.012","n/a","2016","Technology","EDP Services","https://www.nasdaq.com/symbol/phun",
"PHUNW","Phunware, Inc.","0.3901","0","n/a","2016","Technology","EDP Services","https://www.nasdaq.com/symbol/phunw",
"PXLW","Pixelworks, Inc.","3.11","113847412.35","n/a","2000","Technology","Semiconductors","https://www.nasdaq.com/symbol/pxlw",
"PLXS","Plexus Corp.","50.45","1574995876.15","n/a","n/a","Technology","Electrical Products","https://www.nasdaq.com/symbol/plxs",
"PS","Pluralsight, Inc.","22.71","3067460366.1","n/a","2018","Technology","Computer Software: Programming, Data Processing","https://www.nasdaq.com/symbol/ps",
"PNTR","Pointer Telocation Ltd.","12.38","100674011.44","n/a","n/a","Technology","Radio And Television Broadcasting And Communications Equipment","https://www.nasdaq.com/symbol/pntr",
"POWI","Power Integrations, Inc.","56.07","1644504616.44","n/a","1997","Technology","Semiconductors","https://www.nasdaq.com/symbol/powi",
"PSDO","Presidio, Inc.","13","1070193423","n/a","2017","Technology","Retail: Computer Software & Peripheral Equipment","https://www.nasdaq.com/symbol/psdo",
"IPDN","Professional Diversity Network, Inc.","1.33","6459740.84","n/a","2013","Technology","Computer Software: Programming, Data Processing","https://www.nasdaq.com/symbol/ipdn",
"PRGS","Progress Software Corporation","33.77","1516361038.39","n/a","1991","Technology","Computer Software: Prepackaged Software","https://www.nasdaq.com/symbol/prgs",
"PFPT","Proofpoint, Inc.","81.81","4470746498.82","n/a","2012","Technology","EDP Services","https://www.nasdaq.com/symbol/pfpt",
"PTC","PTC Inc.","78.16","9275656758.4","n/a","n/a","Technology","Computer Software: Prepackaged Software","https://www.nasdaq.com/symbol/ptc",
"QADA","QAD Inc.","38.98","765049389.68","n/a","n/a","Technology","Computer Software: Prepackaged Software","https://www.nasdaq.com/symbol/qada",
"QADB","QAD Inc.","29.5","578988122","n/a","n/a","Technology","Computer Software: Prepackaged Software","https://www.nasdaq.com/symbol/qadb",
"QRVO","Qorvo, Inc.","55.64","6949716036.12","n/a","n/a","Technology","Semiconductors","https://www.nasdaq.com/symbol/qrvo",
"QCOM","QUALCOMM Incorporated","55.7","67517456040.2","n/a","1991","Technology","Radio And Television Broadcasting And Communications Equipment","https://www.nasdaq.com/symbol/qcom",
"QBAK","Qualstar Corporation","5.7847","11847748.1946","n/a","2000","Technology","Electronic Components","https://www.nasdaq.com/symbol/qbak",
"QLYS","Qualys, Inc.","69.55","2738821134.4","n/a","2012","Technology","Computer Software: Prepackaged Software","https://www.nasdaq.com/symbol/qlys",
"QTNA","Quantenna Communications, Inc.","13.75","514178362.5","n/a","2016","Technology","Semiconductors","https://www.nasdaq.com/symbol/qtna",
"QRHC","Quest Resource Holding Corporation.","1.5126","23163023.1258","n/a","n/a","Technology","Diversified Commercial Services","https://www.nasdaq.com/symbol/qrhc",
"QUIK","QuickLogic Corporation","0.8499","80902855.5471","n/a","1999","Technology","Semiconductors","https://www.nasdaq.com/symbol/quik",
"QUMU","Qumu Corporation","1.99","18961521.97","n/a","n/a","Technology","Computer Software: Prepackaged Software","https://www.nasdaq.com/symbol/qumu",
"RDCM","Radcom Ltd.","7.83","106811574.75","n/a","1997","Technology","Computer peripheral equipment","https://www.nasdaq.com/symbol/rdcm",
"RMBS","Rambus, Inc.","7.83","849562336.71","n/a","1997","Technology","Semiconductors","https://www.nasdaq.com/symbol/rmbs",
"RPD","Rapid7, Inc.","29.51","1396551011.7","n/a","2015","Technology","Computer Software: Prepackaged Software","https://www.nasdaq.com/symbol/rpd",
"RCMT","RCM Technologies, Inc.","3.37","42886545.86","n/a","n/a","Technology","Professional Services","https://www.nasdaq.com/symbol/rcmt",
"RNWK","RealNetworks, Inc.","2.405","90560388.035","n/a","1997","Technology","EDP Services","https://www.nasdaq.com/symbol/rnwk",
"RP","RealPage, Inc.","47.27","4439202041.05","n/a","2010","Technology","Computer Software: Prepackaged Software","https://www.nasdaq.com/symbol/rp",
"RDVT","Red Violet, Inc.","7.14","73303616.82","n/a","n/a","Technology","Computer Software: Prepackaged Software","https://www.nasdaq.com/symbol/rdvt",
"RCII","Rent-A-Center Inc.","16.32","873360246.72","n/a","1995","Technology","Diversified Commercial Services","https://www.nasdaq.com/symbol/rcii",
"RESN","Resonant Inc.","1.44","39010885.92","n/a","2014","Technology","Semiconductors","https://www.nasdaq.com/symbol/resn",
"RBBN","Ribbon Communications Inc. ","4.95","527271059.7","n/a","n/a","Technology","EDP Services","https://www.nasdaq.com/symbol/rbbn",
"RBCN","Rubicon Technology, Inc.","7.87","21577171.13","n/a","2007","Technology","Semiconductors","https://www.nasdaq.com/symbol/rbcn",
"RMBL","RumbleOn, Inc.","5.66","104530527.06","n/a","n/a","Technology","EDP Services","https://www.nasdaq.com/symbol/rmbl",
"SABR","Sabre Corporation","20.85","5740271775.75","n/a","2014","Technology","Computer Software: Programming, Data Processing","https://www.nasdaq.com/symbol/sabr",
"SFET","Safe-T Group Ltd.","2.65","1154801.1","435774","2018","Technology","Computer Software: Prepackaged Software","https://www.nasdaq.com/symbol/sfet",
"SANM","Sanmina Corporation","23.25","1587155112","n/a","1993","Technology","Electrical Products","https://www.nasdaq.com/symbol/sanm",
"SPNS","Sapiens International Corporation N.V.","10.99","548296210.35","n/a","1992","Technology","Computer Software: Prepackaged Software","https://www.nasdaq.com/symbol/spns",
"SCSC","ScanSource, Inc.","33.43","856064207.52","n/a","n/a","Technology","Retail: Computer Software & Peripheral Equipment","https://www.nasdaq.com/symbol/scsc",
"SGMS","Scientific Games Corp","17.56","1610364717.64","n/a","n/a","Technology","EDP Services","https://www.nasdaq.com/symbol/sgms",
"SEAC","SeaChange International, Inc.","1.39","49698906.51","n/a","1996","Technology","Radio And Television Broadcasting And Communications Equipment","https://www.nasdaq.com/symbol/seac",
"STX","Seagate Technology PLC","36.52","10452076479.24","n/a","2002","Technology","Electronic Components","https://www.nasdaq.com/symbol/stx",
"SCWX","SecureWorks Corp.","16.28","1330113346.32","n/a","2016","Technology","Computer Software: Prepackaged Software","https://www.nasdaq.com/symbol/scwx",
"LEDS","SemiLEDS Corporation","2.81","10001604.9","n/a","2010","Technology","Semiconductors","https://www.nasdaq.com/symbol/leds",
"SMTC","Semtech Corporation","43.11","2837021592.78","n/a","n/a","Technology","Semiconductors","https://www.nasdaq.com/symbol/smtc",
"SGOC","SGOCO Group, Ltd","1.01","76262373","n/a","2010","Technology","Radio And Television Broadcasting And Communications Equipment","https://www.nasdaq.com/symbol/sgoc",
"SHSP","SharpSpring, Inc.","12.805","109988214.57","n/a","n/a","Technology","Computer Software: Prepackaged Software","https://www.nasdaq.com/symbol/shsp",
"PIXY","ShiftPixy, Inc.","1.56","45819270.12","n/a","2017","Technology","Diversified Commercial Services","https://www.nasdaq.com/symbol/pixy",
"SSTI","ShotSpotter, Inc.","30.3","327898934.1","n/a","2017","Technology","Computer Software: Prepackaged Software","https://www.nasdaq.com/symbol/ssti",
"SWIR","Sierra Wireless, Inc.","13.58","489530930.14","n/a","n/a","Technology","Radio And Television Broadcasting And Communications Equipment","https://www.nasdaq.com/symbol/swir",
"SIFY","Sify Technologies Limited","1.4401","36718136.0935","25496935","n/a","Technology","Computer Software: Programming, Data Processing","https://www.nasdaq.com/symbol/sify",
"SGMA","SigmaTron International, Inc.","2.5","10575020","n/a","1994","Technology","Electrical Products","https://www.nasdaq.com/symbol/sgma",
"SILC","Silicom Ltd","34.7","262041109.9","n/a","n/a","Technology","Computer Communications Equipment","https://www.nasdaq.com/symbol/silc",
"SLAB","Silicon Laboratories, Inc.","74.38","3209377545.72","n/a","2000","Technology","Semiconductors","https://www.nasdaq.com/symbol/slab",
"SIMO","Silicon Motion Technology Corporation","33.13","1195082653.86","36072522","2005","Technology","Semiconductors","https://www.nasdaq.com/symbol/simo",
"SLP","Simulations Plus, Inc.","18.92","329590127.24","n/a","n/a","Technology","EDP Services","https://www.nasdaq.com/symbol/slp",
"SINA","Sina Corporation","53.3","3809375944.4","n/a","n/a","Technology","Computer Software: Prepackaged Software","https://www.nasdaq.com/symbol/sina",
"SWKS","Skyworks Solutions, Inc.","60.72","10779742736.4","n/a","n/a","Technology","Semiconductors","https://www.nasdaq.com/symbol/swks",
"SGH","SMART Global Holdings, Inc.","29.07","662242594.41","n/a","2017","Technology","Semiconductors","https://www.nasdaq.com/symbol/sgh",
"SMSI","Smith Micro Software, Inc.","1.87","52859129.18","n/a","1995","Technology","Computer Software: Prepackaged Software","https://www.nasdaq.com/symbol/smsi",
"SMTX","SMTC Corporation","4.8","110790134.4","n/a","2000","Technology","Electrical Products","https://www.nasdaq.com/symbol/smtx",
"SRAX","Social Reality, Inc.","2.02","20469326.6","n/a","n/a","Technology","Advertising","https://www.nasdaq.com/symbol/srax",
"SCKT","Socket Mobile, Inc.","1.55","9118818.95","n/a","n/a","Technology","Computer Manufacturing","https://www.nasdaq.com/symbol/sckt",
"SOHU","Sohu.com Limited ","16.53","653481118.14","39533038","n/a","Technology","EDP Services","https://www.nasdaq.com/symbol/sohu",
"SEDG","SolarEdge Technologies, Inc.","35.5","1624180557.5","n/a","2015","Technology","Semiconductors","https://www.nasdaq.com/symbol/sedg",
"ANY","Sphere 3D Corp.","3.27","6422342.13","n/a","n/a","Technology","EDP Services","https://www.nasdaq.com/symbol/any",
"SPI","SPI Energy Co., Ltd.","0.887","6440216.064","n/a","n/a","Technology","Semiconductors","https://www.nasdaq.com/symbol/spi",
"SPLK","Splunk Inc.","100.81","14898007455.92","n/a","2012","Technology","Computer Software: Prepackaged Software","https://www.nasdaq.com/symbol/splk",
"SPSC","SPS Commerce, Inc.","79.94","1412110042.56","n/a","2010","Technology","Computer Software: Prepackaged Software","https://www.nasdaq.com/symbol/spsc",
"SSNC","SS&C Technologies Holdings, Inc.","43.37","10872199168.82","n/a","2010","Technology","Computer Software: Prepackaged Software","https://www.nasdaq.com/symbol/ssnc",
"STAF","Staffing 360 Solutions, Inc.","1.7351","8701557.7318","n/a","n/a","Technology","Professional Services","https://www.nasdaq.com/symbol/staf",
"STNE","StoneCo Ltd.","18.56","5142477274.24","n/a","2018","Technology","EDP Services","https://www.nasdaq.com/symbol/stne",
"SSYS","Stratasys, Ltd.","17.96","966427600","n/a","1994","Technology","Computer peripheral equipment","https://www.nasdaq.com/symbol/ssys",
"STRM","Streamline Health Solutions, Inc.","0.9397","18914002.5091","n/a","n/a","Technology","EDP Services","https://www.nasdaq.com/symbol/strm",
"WISA","Summit Wireless Technologies, Inc.","3.29","50555215.83","n/a","2018","Technology","Semiconductors","https://www.nasdaq.com/symbol/wisa",
"SPWR","SunPower Corporation","5.04","711068526","n/a","2005","Technology","Semiconductors","https://www.nasdaq.com/symbol/spwr",
"SPCB","SuperCom, Ltd.","1.43","21390424.77","n/a","n/a","Technology","Semiconductors","https://www.nasdaq.com/symbol/spcb",
"SCON","Superconductor Technologies Inc.","1.44","4709676.96","n/a","1993","Technology","Radio And Television Broadcasting And Communications Equipment","https://www.nasdaq.com/symbol/scon",
"SPRT","support.com, Inc.","2.46","46526799.18","n/a","2000","Technology","EDP Services","https://www.nasdaq.com/symbol/sprt",
"SVMK","SVMK Inc.","11.72","1465924614.24","n/a","2018","Technology","Computer Software: Programming, Data Processing","https://www.nasdaq.com/symbol/svmk",
"SYKE","Sykes Enterprises, Incorporated","24.67","1055417113.33","n/a","1996","Technology","EDP Services","https://www.nasdaq.com/symbol/syke",
"SYMC","Symantec Corporation","18.58","11870547196.62","n/a","1989","Technology","Computer Software: Prepackaged Software","https://www.nasdaq.com/symbol/symc",
"SYNC","Synacor, Inc.","1.55","60450469.65","n/a","2012","Technology","Computer Software: Programming, Data Processing","https://www.nasdaq.com/symbol/sync",
"SYNA","Synaptics Incorporated","35.02","1212346874","n/a","2002","Technology","Semiconductors","https://www.nasdaq.com/symbol/syna",
"SNCR","Synchronoss Technologies, Inc.","6.2","263340976.2","n/a","2018","Technology","EDP Services","https://www.nasdaq.com/symbol/sncr",
"SNPS","Synopsys, Inc.","81.11","12127162623.32","n/a","1992","Technology","Computer Software: Prepackaged Software","https://www.nasdaq.com/symbol/snps",
"TTWO","Take-Two Interactive Software, Inc.","99.15","11290416236.25","n/a","1997","Technology","Computer Software: Prepackaged Software","https://www.nasdaq.com/symbol/ttwo",
"TLND","Talend S.A.","37.2","1109791245.6","29833098","2016","Technology","Computer Software: Prepackaged Software","https://www.nasdaq.com/symbol/tlnd",
"TAOP","Taoping Inc.","1.27","51765407.01","n/a","n/a","Technology","Computer Software: Prepackaged Software","https://www.nasdaq.com/symbol/taop",
"TECD","Tech Data Corporation","81.09","3026096834.04","n/a","1986","Technology","Retail: Computer Software & Peripheral Equipment","https://www.nasdaq.com/symbol/tecd",
"TCCO","Technical Communications Corporation","2.7","4992367.5","n/a","n/a","Technology","Radio And Television Broadcasting And Communications Equipment","https://www.nasdaq.com/symbol/tcco",
"TENB","Tenable Holdings, Inc.","20.55","1912480797.45","n/a","2018","Technology","Computer Software: Prepackaged Software","https://www.nasdaq.com/symbol/tenb",
"TXN","Texas Instruments Incorporated","88.88","85373082993.44","n/a","n/a","Technology","Semiconductors","https://www.nasdaq.com/symbol/txn",
"DSGX","The Descartes Systems Group Inc.","25.25","1940830291.5","n/a","n/a","Technology","Computer Software: Prepackaged Software","https://www.nasdaq.com/symbol/dsgx",
"KEYW","The KEYW Holding Corporation","6.66","332053907.04","n/a","2010","Technology","EDP Services","https://www.nasdaq.com/symbol/keyw",
"MIDD","The Middleby Corporation","100.7","5623758863.4","n/a","n/a","Technology","Industrial Machinery/Components","https://www.nasdaq.com/symbol/midd",
"TSG","The Stars Group Inc.","16.6","4534355453.8","n/a","n/a","Technology","Computer Software: Programming, Data Processing","https://www.nasdaq.com/symbol/tsg",
"TTD","The Trade Desk, Inc.","109.56","4737606667.2","n/a","2016","Technology","Computer Software: Programming, Data Processing","https://www.nasdaq.com/symbol/ttd",
"ULTI","The Ultimate Software Group, Inc.","234.71","7339227730.24","n/a","1998","Technology","Computer Software: Prepackaged Software","https://www.nasdaq.com/symbol/ulti",
"TISA","Top Image Systems, Ltd.","0.54","9855929.88","n/a","1996","Technology","Computer peripheral equipment","https://www.nasdaq.com/symbol/tisa",
"TSEM","Tower Semiconductor Ltd.","14.05","1473969033.4","n/a","1994","Technology","Semiconductors","https://www.nasdaq.com/symbol/tsem",
"TACT","TransAct Technologies Incorporated","9.27","68514829.56","n/a","1996","Technology","Computer peripheral equipment","https://www.nasdaq.com/symbol/tact",
"TZOO","Travelzoo","8.87","107422982.27","n/a","n/a","Technology","EDP Services","https://www.nasdaq.com/symbol/tzoo",
"TRIP","TripAdvisor, Inc.","51.04","7026492137.28","n/a","n/a","Technology","Computer Software: Programming, Data Processing","https://www.nasdaq.com/symbol/trip",
"TRVG","trivago N.V.","5.73","177888434.46","31045102","2016","Technology","EDP Services","https://www.nasdaq.com/symbol/trvg",
"TRUE","TrueCar, Inc.","9.02","938122303.8","n/a","2014","Technology","Computer Software: Programming, Data Processing","https://www.nasdaq.com/symbol/true",
"TSRI","TSR, Inc.","4.52","8868520.24","n/a","n/a","Technology","EDP Services","https://www.nasdaq.com/symbol/tsri",
"TTEC","TTEC Holdings, Inc.","28.19","1302182840.63","n/a","1996","Technology","Professional Services","https://www.nasdaq.com/symbol/ttec",
"TTMI","TTM Technologies, Inc.","9.04","937242692.56","n/a","2000","Technology","Electrical Products","https://www.nasdaq.com/symbol/ttmi",
"TCX","Tucows Inc.","59.05","627474688.95","n/a","n/a","Technology","EDP Services","https://www.nasdaq.com/symbol/tcx",
"TWIN","Twin Disc, Incorporated","15.34","200762434.08","n/a","n/a","Technology","Industrial Machinery/Components","https://www.nasdaq.com/symbol/twin",
"UBNT","Ubiquiti Networks, Inc.","95.95","6796641182.05","n/a","2011","Technology","Radio And Television Broadcasting And Communications Equipment","https://www.nasdaq.com/symbol/ubnt",
"UCTT","Ultra Clean Holdings, Inc.","8.36","326158553.16","n/a","2004","Technology","Semiconductors","https://www.nasdaq.com/symbol/uctt",
"UPLD","Upland Software, Inc.","26.6","574278040","n/a","2014","Technology","Computer Software: Prepackaged Software","https://www.nasdaq.com/symbol/upld",
"UPWK","Upwork Inc.","17.87","1899565024.22","n/a","2018","Technology","EDP Services","https://www.nasdaq.com/symbol/upwk",
"VRNS","Varonis Systems, Inc.","49.01","1444065584.13","n/a","2014","Technology","Computer Software: Prepackaged Software","https://www.nasdaq.com/symbol/vrns",
"VECO","Veeco Instruments Inc.","7.48","357491647.48","n/a","1994","Technology","Industrial Machinery/Components","https://www.nasdaq.com/symbol/veco",
"VRNT","Verint Systems Inc.","40.65","2653292491.2","n/a","2002","Technology","EDP Services","https://www.nasdaq.com/symbol/vrnt",
"VRSN","VeriSign, Inc.","142.59","17237479380.03","n/a","1998","Technology","EDP Services","https://www.nasdaq.com/symbol/vrsn",
"VRSK","Verisk Analytics, Inc.","105.33","17339439451.53","n/a","2009","Technology","EDP Services","https://www.nasdaq.com/symbol/vrsk",
"VERI","Veritone, Inc.","4.62","89296644.36","n/a","2017","Technology","EDP Services","https://www.nasdaq.com/symbol/veri",
"VSAT","ViaSat, Inc.","57.31","3418554623.99","n/a","1996","Technology","Radio And Television Broadcasting And Communications Equipment","https://www.nasdaq.com/symbol/vsat",
"VIAV","Viavi Solutions Inc.","9.63","2199707095.68","n/a","n/a","Technology","Semiconductors","https://www.nasdaq.com/symbol/viav",
"VRTU","Virtusa Corporation","39.51","1181807592.57","n/a","2007","Technology","EDP Services","https://www.nasdaq.com/symbol/vrtu",
"VUZI","Vuzix Corporation","5.04","139041010.08","n/a","n/a","Technology","Radio And Television Broadcasting And Communications Equipment","https://www.nasdaq.com/symbol/vuzi",
"WSTG","Wayside Technology Group, Inc.","10.49","47168222.06","n/a","n/a","Technology","Retail: Computer Software & Peripheral Equipment","https://www.nasdaq.com/symbol/wstg",
"WB","Weibo Corporation","55.97","3586967804.13","64087329","2014","Technology","Computer Software: Programming, Data Processing","https://www.nasdaq.com/symbol/wb",
"WDC","Western Digital Corporation","35.65","10317990127.2","n/a","n/a","Technology","Electronic Components","https://www.nasdaq.com/symbol/wdc",
"WIX","Wix.com Ltd.","85.16","3993015292.4","n/a","2013","Technology","Computer Software: Programming, Data Processing","https://www.nasdaq.com/symbol/wix",
"WDAY","Workday, Inc.","154.02","33884400000","n/a","n/a","Technology","EDP Services","https://www.nasdaq.com/symbol/wday",
"XLNX","Xilinx, Inc.","83.58","21149370297.3","n/a","1990","Technology","Semiconductors","https://www.nasdaq.com/symbol/xlnx",
"XPER","Xperi Corporation","18.51","896220160.11","n/a","n/a","Technology","Semiconductors","https://www.nasdaq.com/symbol/xper",
"XNET","Xunlei Limited","3.38","131507758.98","38907621","2014","Technology","Computer Software: Prepackaged Software","https://www.nasdaq.com/symbol/xnet",
"YNDX","Yandex N.V.","26.8","8693862755.2","n/a","2011","Technology","Computer Software: Programming, Data Processing","https://www.nasdaq.com/symbol/yndx",
"YY","YY Inc.","59.53","2947470374.09","49512353","2012","Technology","EDP Services","https://www.nasdaq.com/symbol/yy",
"ZBRA","Zebra Technologies Corporation","146.88","7902808778.88","n/a","1991","Technology","Industrial Machinery/Components","https://www.nasdaq.com/symbol/zbra",
"ZIXI","Zix Corporation","5.89","319224028.92","n/a","n/a","Technology","EDP Services","https://www.nasdaq.com/symbol/zixi",
"ZS","Zscaler, Inc.","39.32","4806874561.12","n/a","2018","Technology","EDP Services","https://www.nasdaq.com/symbol/zs",
"ZNGA","Zynga Inc.","3.92","3378576710.88","n/a","2011","Technology","EDP Services","https://www.nasdaq.com/symbol/znga",
